key,en,ko,ja,zh-cn,zh-tw,fr,de,es,es-419,pt-br,ru
"meta.description","One world. Two realms. No mercy. A dark fantasy action-RPG from Theremin Interactive. Wishlist now.","하나의 세계, 두 개의 영역, 자비는 없다. 테레민 인터랙티브가 선보이는 다크 판타지 액션 RPG. 지금 위시리스트에 등록하세요.","一つの世界、二つの領域、慈悲はない。Theremin Interactiveが贈るダークファンタジーアクションRPG。今すぐウィッシュリストに追加しよう。","一个世界，两个领域，绝无仁慈。Theremin Interactive 出品的黑暗奇幻动作RPG。现在就加入愿望单。","一個世界，兩個領域，絕無仁慈。Theremin Interactive 打造的黑暗奇幻動作RPG。現在就加入願望清單。","Un monde. Deux royaumes. Aucune pitié. Un action-RPG dark fantasy signé Theremin Interactive. Ajoutez-le à votre liste de souhaits dès maintenant.","Eine Welt. Zwei Reiche. Keine Gnade. Ein düsteres Fantasy-Action-RPG von Theremin Interactive. Jetzt auf die Wunschliste setzen.","Un mundo. Dos reinos. Sin piedad. Un RPG de acción de fantasía oscura de Theremin Interactive. Añádelo a tu lista de deseos ahora.","Un mundo. Dos reinos. Sin piedad. Un RPG de acción de fantasía oscura de Theremin Interactive. Agrégalo a tu lista de deseos ahora.","Um mundo. Dois reinos. Nenhuma piedade. Um RPG de ação de fantasia sombria da Theremin Interactive. Adicione à sua lista de desejos agora.","Один мир. Два царства. Никакой пощады. Мрачное фэнтезийное экшен-RPG от Theremin Interactive. Добавьте в список желаемого прямо сейчас."
"nav.wishlist","Wishlist Now","위시리스트 등록","ウィッシュリストに追加","加入愿望单","加入願望清單","Liste de souhaits","Zur Wunschliste","Añadir a la lista de deseos","Agregar a la lista de deseos","Adicionar à lista de desejos","В список желаемого"
"hero.playDemo","Play Free Demo","무료 데모 플레이","無料デモをプレイ","免费试玩","免費試玩","Jouer à la démo gratuite","Kostenlose Demo spielen","Jugar la demo gratis","Jugar la demo gratis","Jogar demo grátis","Играть в бесплатную демоверсию"
"menu.toggle","Menu","메뉴","メニュー","菜单","選單","Menu","Menü","Menú","Menú","Menu","Меню"
"drawer.home","Home","홈","ホーム","首页","首頁","Accueil","Startseite","Inicio","Inicio","Início","Главная"
"drawer.world","The World","세계관","世界観","世界观","世界觀","L'univers","Die Welt","El mundo","El mundo","O mundo","Мир игры"
"drawer.feature","Feature","특징","特徴","特色","特色","Caractéristiques","Features","Características","Características","Recursos","Особенности"
"drawer.media","Media","미디어","メディア","媒体","媒體","Médias","Medien","Multimedia","Multimedia","Mídia","Медиа"
"hero.watchTrailer","Watch Trailer","예고편 보기","予告編を見る","观看预告片","觀看預告片","Voir la bande-annonce","Trailer ansehen","Ver tráiler","Ver tráiler","Assistir ao trailer","Смотреть трейлер"
"story.heading","The boy who lost his father has returned as a hunter—to drive an iron stake through the hearts of the wolves.","아버지를 잃은 소년은 사냥꾼이 되어 돌아왔다 — 늑대들의 심장에 쇠말뚝을 박기 위해.","父を失った少年は狩人となって帰ってきた——狼どもの心臓に鉄の杭を打ち込むために。","失去父亲的少年，化身猎人归来——只为将铁桩刺穿狼群的心脏。","失去父親的少年，化身獵人歸來——只為將鐵樁刺穿狼群的心臟。","Le garçon qui a perdu son père est revenu en chasseur — pour planter un pieu de fer dans le cœur des loups.","Der Junge, der seinen Vater verlor, ist als Jäger zurückgekehrt — um den Wölfen einen eisernen Pfahl durchs Herz zu treiben.","El niño que perdió a su padre ha regresado como cazador, para clavar una estaca de hierro en el corazón de los lobos.","El niño que perdió a su padre ha vuelto como cazador, para clavar una estaca de hierro en el corazón de los lobos.","O garoto que perdeu o pai voltou como caçador — para cravar uma estaca de ferro no coração dos lobos.","Мальчик, потерявший отца, вернулся охотником — чтобы вонзить железный кол в сердца волков."
"story.p1","A lawless world ruled by the Werewolf Syndicate. Human dignity has been trampled beneath the feet of beasts, and ‘The Legion,’ the world's last hope for salvation, faded into history 20 years ago following the gruesome death of its leader.","늑대인간 신디케이트가 지배하는 무법의 세계. 인간의 존엄은 짐승의 발밑에 짓밟혔고, 세상의 마지막 희망이었던 ‘군단’은 20년 전 지도자의 끔찍한 죽음과 함께 역사 속으로 사라졌다.","人狼シンジケートが支配する無法の世界。人間の尊厳は獣どもの足元に踏みにじられ、世界最後の希望であった「軍団」は20年前、指導者の凄惨な死とともに歴史の中に消えた。","一个由狼人辛迪加统治的无法之地。人类的尊严被野兽踩在脚下，世界最后的希望“军团”也在二十年前随着其领袖的惨死而湮没于历史。","一個由狼人辛迪加統治的無法之地。人類的尊嚴被野獸踩在腳下，世界最後的希望「軍團」也在二十年前隨著其領袖的慘死而湮沒於歷史。","Un monde sans loi dominé par le Syndicat des loups-garous. La dignité humaine a été piétinée sous les pattes des bêtes, et « la Légion », dernier espoir de salut du monde, s'est éteinte dans l'histoire il y a 20 ans après la mort atroce de son chef.","Eine gesetzlose Welt unter der Herrschaft des Werwolf-Syndikats. Die Würde des Menschen wurde unter den Pfoten der Bestien zertreten, und „die Legion“, die letzte Hoffnung der Welt auf Erlösung, verschwand vor 20 Jahren nach dem grausamen Tod ihres Anführers in der Geschichte.","Un mundo sin ley gobernado por el Sindicato de los Hombres Lobo. La dignidad humana ha sido pisoteada bajo las garras de las bestias, y “la Legión”, la última esperanza de salvación del mundo, se desvaneció en la historia hace 20 años tras la brutal muerte de su líder.","Un mundo sin ley gobernado por el Sindicato de los Hombres Lobo. La dignidad humana ha sido pisoteada bajo las garras de las bestias, y “la Legión”, la última esperanza de salvación del mundo, se desvaneció en la historia hace 20 años tras la brutal muerte de su líder.","Um mundo sem lei governado pelo Sindicato dos Lobisomens. A dignidade humana foi pisoteada sob as patas das bestas, e “a Legião”, última esperança de salvação do mundo, desapareceu na história há 20 anos após a morte brutal de seu líder.","Беззаконный мир под властью Синдиката оборотней. Человеческое достоинство растоптано под лапами зверей, а «Легион» — последняя надежда мира на спасение — канул в историю 20 лет назад после чудовищной гибели своего лидера."
"story.p2","An era of flawless control and absolute despair. But as the lords of the night revel in their dark triumph, an unknown executioner emerges from the shadows, brutally hunting down the werewolves.","완벽한 통제와 절대적인 절망의 시대. 그러나 밤의 지배자들이 어둠의 승리에 도취해 있는 사이, 정체불명의 처형자가 그림자 속에서 나타나 늑대인간들을 잔혹하게 사냥하기 시작한다.","完璧な支配と絶対的な絶望の時代。しかし夜の支配者たちが闇の勝利に酔いしれる中、正体不明の処刑人が影の中から現れ、人狼どもを無慈悲に狩り始める。","一个统治完美、绝望至极的时代。然而正当夜之领主们沉醉于黑暗的胜利之际，一名身份不明的处刑者从阴影中现身，开始残忍地猎杀狼人。","一個統治完美、絕望至極的時代。然而正當夜之領主們沉醉於黑暗的勝利之際，一名身份不明的處刑者從陰影中現身，開始殘忍地獵殺狼人。","Une ère de domination parfaite et de désespoir absolu. Mais tandis que les seigneurs de la nuit savourent leur triomphe ténébreux, un exécuteur inconnu surgit de l'ombre et traque brutalement les loups-garous.","Eine Ära makelloser Kontrolle und absoluter Verzweiflung. Doch während die Herren der Nacht ihren finsteren Triumph auskosten, taucht aus den Schatten ein unbekannter Henker auf, der die Werwölfe gnadenlos jagt.","Una era de control absoluto y desesperación total. Pero mientras los señores de la noche saborean su oscuro triunfo, un verdugo desconocido emerge de las sombras para dar caza brutal a los hombres lobo.","Una era de control absoluto y desesperación total. Pero mientras los señores de la noche disfrutan de su oscuro triunfo, un verdugo desconocido emerge de las sombras para cazar brutalmente a los hombres lobo.","Uma era de controle absoluto e desespero total. Mas enquanto os senhores da noite saboreiam seu triunfo sombrio, um executor desconhecido surge das sombras, caçando brutalmente os lobisomens.","Эпоха безупречного контроля и абсолютного отчаяния. Но пока владыки ночи упиваются своим мрачным триумфом, из тени появляется неизвестный палач, безжалостно охотящийся на оборотней."
"story.p3","He is Brandon, the son of the fallen resistance leader. Having endured two decades of hell to forge himself into a lethal wolf tracker, he returns to unleash a blood-soaked retribution upon the realm of beasts.","그는 브랜든, 쓰러진 저항군 지도자의 아들이다. 치명적인 늑대 추적자로 스스로를 벼려내기 위해 지옥 같은 20년을 견뎌낸 그는, 짐승들의 영역에 피로 물든 응징을 퍼붓기 위해 돌아왔다.","彼の名はブランドン、倒れたレジスタンスの指導者の息子。致命的な狼の追跡者へと自らを鍛え上げるため、地獄のような20年間に耐え抜いた彼は、獣どもの領域に血塗られた報復をもたらすために帰ってきた。","他是布兰登，倒下的抵抗军领袖之子。为了将自己锻造成致命的猎狼者，他忍受了二十年如地狱般的煎熬，如今归来，要向野兽的领地降下血腥的复仇。","他是布蘭登，倒下的抵抗軍領袖之子。為了將自己鍛造成致命的獵狼者，他忍受了二十年如地獄般的煎熬，如今歸來，要向野獸的領地降下血腥的復仇。","Il s'appelle Brandon, le fils du chef de la résistance tombé au combat. Après avoir enduré deux décennies d'enfer pour se forger en traqueur de loups impitoyable, il revient déchaîner une vengeance sanglante sur le royaume des bêtes.","Er ist Brandon, der Sohn des gefallenen Widerstandsführers. Nachdem er zwei Jahrzehnte der Hölle ertragen hat, um sich zu einem tödlichen Wolfsjäger zu formen, kehrt er zurück, um blutige Vergeltung über das Reich der Bestien zu bringen.","Es Brandon, el hijo del caído líder de la resistencia. Tras soportar dos décadas de infierno para forjarse como un letal rastreador de lobos, regresa para desatar una venganza ensangrentada sobre el reino de las bestias.","Es Brandon, el hijo del caído líder de la resistencia. Tras soportar dos décadas de infierno para forjarse como un letal rastreador de lobos, regresa a desatar una venganza ensangrentada sobre el reino de las bestias.","Ele é Brandon, filho do líder caído da resistência. Após suportar duas décadas de inferno para se forjar em um letal rastreador de lobos, ele retorna para desencadear uma retribuição sangrenta sobre o reino das bestas.","Его зовут Брэндон, сын погибшего лидера сопротивления. Вытерпев два десятилетия ада, чтобы превратить себя в смертоносного охотника на волков, он возвращается, чтобы обрушить кровавое возмездие на царство зверей."
"story.p4","The night the roles of predator and prey are reversed—who will survive?!","포식자와 사냥감의 역할이 뒤바뀌는 밤 — 과연 살아남는 자는 누구인가?!","捕食者と獲物の立場が逆転する夜——生き残るのは果たして誰か？！","猎食者与猎物角色互换的夜晚——谁能存活下来？！","獵食者與獵物角色互換的夜晚——誰能存活下來？！","La nuit où les rôles du prédateur et de la proie s'inversent — qui survivra ?!","Die Nacht, in der sich die Rollen von Jäger und Beute umkehren — wer wird überleben?!","La noche en que los papeles del depredador y la presa se invierten. ¿Quién sobrevivirá?!","La noche en que los papeles del depredador y la presa se invierten. ¿Quién sobrevivirá?!","A noite em que os papéis de predador e presa se invertem — quem vai sobreviver?!","Ночь, когда хищник и жертва меняются местами — кто выживет?!"
"feature1.heading","Brutal beat-'em-up combat meets Metroidvania exploration","잔혹한 벨트스크롤 액션과 메트로배니아 탐험의 만남","過酷なベルトスクロールアクションとメトロヴァニア探索の融合","残酷清版动作战斗与银河恶魔城式探索的碰撞","殘酷清版動作戰鬥與銀河惡魔城式探索的碰撞","Un beat-'em-up brutal rencontre l'exploration façon Metroidvania","Brutale Beat-'em-up-Kämpfe treffen auf Metroidvania-Erkundung","Combate brutal beat-'em-up se une a la exploración estilo Metroidvania","Combate brutal estilo beat-'em-up se une a la exploración tipo Metroidvania","Combate brutal estilo beat-'em-up encontra a exploração Metroidvania","Жестокий beat-'em-up боевик встречается с исследованием в духе метроидвании"
"feature1.body","Chain together fluid combos, cancels, and perfectly-timed parries to cut down enemies heavily armed with an arsenal of weapons and modern firearms — swordsmanship sharp enough to turn a firefight into a duel.","유려한 콤보와 캔슬, 완벽한 타이밍의 패링을 연계해 각종 무기와 현대식 화기로 중무장한 적들을 베어 넘겨라 — 총격전을 결투로 바꿔놓을 만큼 날카로운 검술.","流麗なコンボとキャンセル、完璧なタイミングのパリィを連携させ、各種武器と近代火器で重武装した敵を斬り伏せろ——銃撃戦を決闘に変えるほど鋭い剣技。","将流畅的连招、取消技与精准格挡串联起来，斩杀装备各式武器与现代火器的重装敌人——锋利的剑术足以将枪战化为一场决斗。","將流暢的連招、取消技與精準格擋串聯起來，斬殺裝備各式武器與現代火器的重裝敵人——鋒利的劍術足以將槍戰化為一場決鬥。","Enchaînez combos fluides, annulations et parades parfaitement chronométrées pour abattre des ennemis lourdement armés d'un arsenal d'armes et d'armes à feu modernes — un art de l'épée assez tranchant pour transformer une fusillade en duel.","Verkette fließende Kombos, Cancels und perfekt getimte Paraden, um schwer bewaffnete Gegner mit einem Arsenal an Waffen und modernen Feuerwaffen niederzustrecken — Schwertkunst scharf genug, um aus einer Schießerei ein Duell zu machen.","Encadena combos fluidos, cancelaciones y paradas perfectamente cronometradas para derribar a enemigos fuertemente armados con un arsenal de armas y armas de fuego modernas: una esgrima lo bastante afilada como para convertir un tiroteo en un duelo.","Encadena combos fluidos, cancelaciones y paradas perfectamente cronometradas para derribar a enemigos fuertemente armados con un arsenal de armas y armas de fuego modernas: una esgrima lo bastante afilada como para convertir un tiroteo en un duelo.","Encadeie combos fluidos, cancelamentos e aparadas perfeitamente cronometradas para abater inimigos fortemente armados com um arsenal de armas e armas de fogo modernas — uma esgrima afiada o bastante para transformar um tiroteio em um duelo.","Соединяй плавные комбо, отмены и точно рассчитанные парирования, чтобы рубить противников, вооружённых до зубов разнообразным оружием и современным огнестрельным оружием — фехтование, острое настолько, что превращает перестрелку в дуэль."
"feature1.aria","Beat 'em up combat blending with Metroidvania exploration","벨트스크롤 액션 전투와 메트로배니아 탐험이 어우러지는 모습","ベルトスクロールアクション戦闘とメトロヴァニア探索が融合する様子","清版动作战斗与银河恶魔城式探索融合的画面","清版動作戰鬥與銀河惡魔城式探索融合的畫面","Combats beat-'em-up mêlés à l'exploration Metroidvania","Beat-'em-up-Kämpfe verschmelzen mit Metroidvania-Erkundung","Combate beat-'em-up combinado con exploración estilo Metroidvania","Combate beat-'em-up combinado con exploración estilo Metroidvania","Combate beat-'em-up combinado com exploração Metroidvania","Боевая система beat-'em-up в сочетании с исследованием в стиле метроидвании"
"feature2.heading","Grow stronger, gear up, hunt harder","더 강해지고, 장비를 갖추고, 더 치열하게 사냥하라","より強く、より整えて、より激しく狩る","变得更强，武装自己，猎杀得更狠","變得更強，武裝自己，獵殺得更狠","Deviens plus fort, équipe-toi, chasse plus durement","Werde stärker, rüste dich aus, jage härter","Hazte más fuerte, equípate y caza con más fuerza","Hazte más fuerte, equípate y caza con más fuerza","Fique mais forte, equipe-se e caça com mais intensidade","Становись сильнее, вооружайся, охоться яростнее"
"feature2.body","Level up your abilities, hunt down gear with effects all your own, and turn even the deadliest territory into your hunting ground.","능력치를 성장시키고, 자신만의 효과를 지닌 장비를 사냥해 모으며, 가장 위험한 영역조차 나만의 사냥터로 만들어라.","能力を成長させ、自分だけの効果を持つ装備を狩り集め、最も危険な領域さえも自分の狩場に変えろ。","提升你的能力，猎取拥有专属效果的装备，将最凶险的领域也变成属于你的猎场。","提升你的能力，獵取擁有專屬效果的裝備，將最凶險的領域也變成屬於你的獵場。","Fais évoluer tes capacités, traque des équipements aux effets qui te sont propres, et transforme même le territoire le plus mortel en ton terrain de chasse.","Steigere deine Fähigkeiten, jage Ausrüstung mit ganz eigenen Effekten und mach selbst das tödlichste Gebiet zu deinem Jagdrevier.","Sube de nivel tus habilidades, caza equipo con efectos únicos y convierte incluso el territorio más letal en tu coto de caza.","Sube de nivel tus habilidades, caza equipo con efectos únicos y convierte incluso el territorio más letal en tu coto de caza.","Evolua suas habilidades, cace equipamentos com efeitos exclusivos e transforme até o território mais mortal em seu terreno de caça.","Прокачивай способности, добывай снаряжение с уникальными эффектами и превращай даже самую смертоносную территорию в свои охотничьи угодья."
"feature2.aria","Character growth and equipment with diverse farmable effects","캐릭터 성장과 다양한 파밍 효과를 지닌 장비 시스템","キャラクター成長と多彩な収集効果を持つ装備システム","角色成长与拥有多样可刷取效果的装备系统","角色成長與擁有多樣可刷取效果的裝備系統","Progression du personnage et équipement aux effets variés à collecter","Charakterentwicklung und Ausrüstung mit vielfältigen farmbaren Effekten","Progresión del personaje y equipo con diversos efectos obtenibles","Progresión del personaje y equipo con diversos efectos obtenibles","Evolução de personagem e equipamentos com diversos efeitos farmáveis","Развитие персонажа и снаряжение с разнообразными фармящимися эффектами"
"feature3.heading","Take on brutal missions in a world ripped from reality","현실에서 뜯어낸 듯한 세계에서 치열한 임무에 맞서라","現実から切り取られたような世界で過酷なミッションに挑め","在如现实般残酷的世界中挑战严峻任务","在如現實般殘酷的世界中挑戰嚴峻任務","Affronte des missions brutales dans un monde arraché à la réalité","Stelle dich brutalen Missionen in einer Welt, die der Realität entrissen ist","Enfréntate a misiones brutales en un mundo arrancado de la realidad","Enfréntate a misiones brutales en un mundo arrancado de la realidad","Encare missões brutais em um mundo arrancado da realidade","Берись за жестокие задания в мире, вырванном из реальности"
"feature3.body","Every mission gives you the choice: strike as a silent assassin or tear through enemies as a loud brawler. However you complete the mission, the city will never forget your choices.","모든 임무는 선택을 요구한다: 소리 없는 암살자로 일격을 가할 것인가, 요란한 싸움꾼으로 적들을 찢어놓을 것인가. 어떤 방식으로 임무를 완수하든, 도시는 결코 당신의 결정을 잊지 않는다.","すべてのミッションが選択を突きつける——静かなる暗殺者として一撃を放つか、荒々しい乱闘者として敵を切り裂くか。どんな方法で任務を完遂しようとも、街はあなたの決断を決して忘れない。","每个任务都赋予你选择：以无声的刺客身份出击，或以喧闹的斗士姿态撕裂敌人。无论你以何种方式完成任务，这座城市都绝不会忘记你的抉择。","每個任務都賦予你選擇：以無聲的刺客身份出擊，或以喧鬧的鬥士姿態撕裂敵人。無論你以何種方式完成任務，這座城市都絕不會忘記你的抉擇。","Chaque mission vous laisse le choix : frapper en assassin silencieux ou déchirer vos ennemis en bagarreur bruyant. Quelle que soit la façon dont vous menez à bien la mission, la ville n'oubliera jamais vos choix.","Jede Mission lässt dir die Wahl: als lautloser Attentäter zuschlagen oder dich als lauter Raufbold durch die Feinde kämpfen. Wie du die Mission auch löst, die Stadt wird deine Entscheidungen niemals vergessen.","Cada misión te da a elegir: golpear como un asesino silencioso o arrasar con los enemigos como un pendenciero ruidoso. Sea cual sea tu forma de completar la misión, la ciudad nunca olvidará tus decisiones.","Cada misión te da a elegir: golpear como un asesino silencioso o arrasar con los enemigos como un pendenciero ruidoso. Sea cual sea tu forma de completar la misión, la ciudad nunca olvidará tus decisiones.","Cada missão te dá a escolha: golpear como um assassino silencioso ou arrasar os inimigos como um brigão barulhento. Não importa como você conclua a missão, a cidade jamais esquecerá suas decisões.","Каждое задание оставляет выбор: разить как безмолвный убийца или крушить врагов как шумный драчун. Как бы ты ни выполнил задание, город никогда не забудет твой выбор."
"feature3.aria","A vivid, realistic combat mission stage","생생하고 사실적인 전투 임무 스테이지","生々しくリアルな戦闘ミッションステージ","生动写实的战斗任务场景","生動寫實的戰鬥任務場景","Une scène de mission de combat vive et réaliste","Eine lebendige, realistische Kampfmissions-Umgebung","Un escenario de misión de combate vívido y realista","Un escenario de misión de combate vívido y realista","Um cenário de missão de combate vívido e realista","Яркая, реалистичная боевая миссия"
"feature4.heading","Brandon, lost inside the Memory Palace — explore his mind and awaken a stronger self.","기억의 궁전 속에서 길을 잃은 브랜든, 머릿속을 탐험해 강력한 자아로 각성하라.","記憶の宮殿で道に迷ったブランドン——彼の心を探索し、強き自我として目覚めよ。","布兰登迷失在记忆宫殿之中——探索他的内心，觉醒为强大的自我。","布蘭登迷失在記憶宮殿之中——探索他的內心，覺醒為強大的自我。","Brandon, perdu dans le Palais des Mémoires — explorez son esprit et éveillez un moi plus puissant.","Brandon, verloren im Gedächtnispalast — erkunde seinen Verstand und erwecke ein mächtigeres Selbst.","Brandon, perdido en el Palacio de la Memoria — explora su mente y despierta un yo más poderoso.","Brandon, perdido en el Palacio de la Memoria — explora su mente y despierta un yo más poderoso.","Brandon, perdido no Palácio da Memória — explore sua mente e desperte um eu mais poderoso.","Брэндон заблудился во Дворце памяти — исследуй его разум и пробуди более могущественное «я»."
"feature4.body","Twenty years of experimentation shattered Brandon's memories and sense of self, scattering them apart... Confront forgotten memories and trauma within his non-linear mind, and unite his fractured selves for the war against his own personalities.","20년 동안의 실험으로 인해 산산이 부서지고 흩어진 브랜든의 기억과 자아들... 비선형적으로 구성된 기억 속에서 잊혀진 기억과 트라우마를 마주하고, 인격들과의 전쟁을 위해 흩어진 자아를 하나로 규합해야 한다.","20年にわたる実験によって粉々に砕け散り、散らばったブランドンの記憶と自我たち……非直線的に構成された記憶の中で、忘れられた記憶とトラウマに向き合い、人格たちとの戦いのために散らばった自我をひとつに統合しなければならない。","二十年的实验将布兰登的记忆与自我碎片化、四散各处……在非线性构成的记忆中，直面被遗忘的记忆与创伤，并为了与人格们的战争，将四散的自我重新聚合为一。","二十年的實驗將布蘭登的記憶與自我碎片化、四散各處……在非線性構成的記憶中，直面被遺忘的記憶與創傷，並為了與人格們的戰爭，將四散的自我重新聚合為一。","Vingt années d'expérimentation ont brisé et dispersé les souvenirs et le sens même de l'identité de Brandon... Au cœur de sa mémoire non linéaire, affrontez des souvenirs oubliés et des traumatismes, et réunissez ses moi fragmentés pour la guerre contre ses propres personnalités.","Zwanzig Jahre der Experimente zerschmetterten Brandons Erinnerungen und sein Selbstgefühl und zerstreuten sie... Stelle dich in seinem nichtlinearen Gedächtnis vergessenen Erinnerungen und Traumata, und vereine seine zersplitterten Ichs für den Krieg gegen seine eigenen Persönlichkeiten.","Veinte años de experimentos destrozaron y dispersaron los recuerdos y el sentido de identidad de Brandon... Enfréntate a recuerdos olvidados y traumas dentro de su mente no lineal, y reúne sus yoes fragmentados para la guerra contra sus propias personalidades.","Veinte años de experimentos destrozaron y dispersaron los recuerdos y el sentido de identidad de Brandon... Enfréntate a recuerdos olvidados y traumas dentro de su mente no lineal, y reúne sus yoes fragmentados para la guerra contra sus propias personalidades.","Vinte anos de experimentos despedaçaram e espalharam as memórias e o senso de identidade de Brandon... Enfrente memórias esquecidas e traumas dentro de sua mente não linear, e reúna seus eus fragmentados para a guerra contra suas próprias personalidades.","Двадцать лет экспериментов разбили и рассеяли память и личность Брэндона... В его нелинейной памяти столкнись с забытыми воспоминаниями и травмами и объедини раздробленные части его «я» ради войны против его же личностей."
"feature4.aria","The non-linear Memory Palace stage","비선형 구조의 기억의 궁전 스테이지","非直線的な記憶の宮殿ステージ","非线性的记忆宫殿场景","非線性的記憶宮殿場景","La scène non linéaire du Palais des Mémoires","Die nichtlineare Gedächtnispalast-Umgebung","El escenario no lineal del Palacio de la Memoria","El escenario no lineal del Palacio de la Memoria","O cenário não linear do Palácio da Memória","Нелинейная локация «Дворец памяти»"
"feature5.heading","A legacy of the Legion, worn down over centuries. Revive the old hotel and rebuild the Legion.","수세기에 걸쳐 내려온 군단의 낡은 유산. 낡은 호텔을 되살려 군단을 재건하라.","数世紀にわたって受け継がれてきた軍団の古き遺産。古びたホテルを蘇らせ、軍団を再建せよ。","历经数世纪流传下来的军团古老遗产。重振破旧旅馆，重建军团。","歷經數世紀流傳下來的軍團古老遺產。重振破舊旅館，重建軍團。","Un héritage de la Légion, usé par des siècles. Ressuscitez le vieil hôtel et reconstruisez la Légion.","Ein Vermächtnis der Legion, abgenutzt über Jahrhunderte. Erwecke das alte Hotel neu und baue die Legion wieder auf.","Un legado de la Legión, desgastado por los siglos. Revive el viejo hotel y reconstruye la Legión.","Un legado de la Legión, desgastado por los siglos. Revive el viejo hotel y reconstruye la Legión.","Um legado da Legião, desgastado pelos séculos. Reviva o velho hotel e reconstrua a Legião.","Наследие Легиона, обветшавшее за века. Возроди старый отель и восстанови Легион."
"feature5.body","By day, run the hotel as its owner. By night, turn it into the Legion's last stronghold — recruit new Legion members, grow their abilities, and prepare for war against the Werewolf Syndicate.","낮에는 호텔의 주인으로서 이곳을 운영하고, 밤에는 이곳을 군단의 마지막 거점으로 바꿔라 — 새로운 군단원을 모집하고, 그들의 능력을 키우며, 늑대인간 신디케이트와의 전쟁을 준비하라.","昼はホテルの主人として経営し、夜は軍団最後の拠点へと変える——新たな軍団員を勧誘し、能力を育て、人狼シンジケートとの戦いに備えよ。","白天，作为旅馆主人经营这里；夜晚，将其变为军团最后的据点——招募新的军团成员，培养他们的能力，为对抗狼人辛迪加的战争做好准备。","白天，作為旅館主人經營這裡；夜晚，將其變為軍團最後的據點——招募新的軍團成員，培養他們的能力，為對抗狼人辛迪加的戰爭做好準備。","Le jour, gérez l'hôtel en tant que propriétaire. La nuit, transformez-le en dernier bastion de la Légion — recrutez de nouveaux membres de la Légion, développez leurs capacités et préparez la guerre contre le Syndicat des loups-garous.","Tagsüber führst du das Hotel als sein Besitzer. Nachts verwandelst du es in die letzte Festung der Legion — rekrutiere neue Mitglieder der Legion, entwickle ihre Fähigkeiten und bereite dich auf den Krieg gegen das Werwolf-Syndikat vor.","De día, dirige el hotel como su propietario. De noche, conviértelo en el último bastión de la Legión — recluta nuevos miembros de la Legión, desarrolla sus habilidades y prepárate para la guerra contra el Sindicato de los Hombres Lobo.","De día, dirige el hotel como su propietario. De noche, conviértelo en el último bastión de la Legión: recluta nuevos miembros de la Legión, desarrolla sus habilidades y prepárate para la guerra contra el Sindicato de los Hombres Lobo.","De dia, administre o hotel como seu proprietário. À noite, transforme-o na última fortaleza da Legião — recrute novos membros da Legião, desenvolva suas habilidades e prepare-se para a guerra contra o Sindicato dos Lobisomens.","Днём управляй отелем как его владелец. Ночью превращай его в последний оплот Легиона — вербуй новых членов Легиона, развивай их способности и готовься к войне с Синдикатом оборотней."
"feature5.aria","The rundown hotel serving as a hideout for the Legion","군단의 은신처로 사용되는 낡은 호텔","軍団の隠れ家として使われる荒廃したホテル","作为军团藏身处的破旧旅馆","作為軍團藏身處的破舊旅館","L'hôtel délabré servant de repaire à la Légion","Das heruntergekommene Hotel als Versteck der Legion","El hotel destartalado que sirve de escondite a la Legión","El hotel destartalado que sirve de escondite a la Legión","O hotel decadente que serve de esconderijo para a Legião","Обветшалый отель, служащий убежищем для Легиона"
"gallery.screenshotsTab","Screenshots","스크린샷","スクリーンショット","游戏截图","遊戲截圖","Captures d'écran","Screenshots","Capturas de pantalla","Capturas de pantalla","Capturas de tela","Скриншоты"
"gallery.keyArtTab","Key Art","키아트","キーアート","主视觉图","主視覺圖","Illustrations","Key Art","Ilustraciones","Ilustraciones","Ilustrações","Ключевые арты"
"gallery.prevAria","Previous","이전","前へ","上一个","上一個","Précédent","Zurück","Anterior","Anterior","Anterior","Назад"
"gallery.nextAria","Next","다음","次へ","下一个","下一個","Suivant","Weiter","Siguiente","Siguiente","Próximo","Далее"
"lightbox.downloadAria","Download image","이미지 다운로드","画像をダウンロード","下载图片","下載圖片","Télécharger l'image","Bild herunterladen","Descargar imagen","Descargar imagen","Baixar imagem","Скачать изображение"
"lightbox.closeAria","Close","닫기","閉じる","关闭","關閉","Fermer","Schließen","Cerrar","Cerrar","Fechar","Закрыть"
"lightbox.prevAria","Previous image","이전 이미지","前の画像","上一张图片","上一張圖片","Image précédente","Vorheriges Bild","Imagen anterior","Imagen anterior","Imagem anterior","Предыдущее изображение"
"lightbox.nextAria","Next image","다음 이미지","次の画像","下一张图片","下一張圖片","Image suivante","Nächstes Bild","Imagen siguiente","Imagen siguiente","Próxima imagem","Следующее изображение"
"footer.copyright","Copyright 2026. Theremin Interactive Inc. All rights reserved.","Copyright 2026. Theremin Interactive Inc. All rights reserved.","Copyright 2026. Theremin Interactive Inc. All rights reserved.","Copyright 2026. Theremin Interactive Inc. All rights reserved.","Copyright 2026. Theremin Interactive Inc. All rights reserved.","Copyright 2026. Theremin Interactive Inc. All rights reserved.","Copyright 2026. Theremin Interactive Inc. All rights reserved.","Copyright 2026. Theremin Interactive Inc. All rights reserved.","Copyright 2026. Theremin Interactive Inc. All rights reserved.","Copyright 2026. Theremin Interactive Inc. All rights reserved.","Copyright 2026. Theremin Interactive Inc. All rights reserved."
"langSwitch.aria","Select language","언어 선택","言語を選択","选择语言","選擇語言","Choisir la langue","Sprache wählen","Seleccionar idioma","Seleccionar idioma","Selecionar idioma","Выбрать язык"
"prologue.heading","Prologue","프롤로그","プロローグ","序章","序章","Prologue","Prolog","Prólogo","Prólogo","Prólogo","Пролог"
"prologue.prevAria","Previous prologue","이전 프롤로그","前のプロローグ","上一篇序章","上一篇序章","Prologue précédent","Vorheriger Prolog","Prólogo anterior","Prólogo anterior","Prólogo anterior","Предыдущий пролог"
"prologue.nextAria","Next prologue","다음 프롤로그","次のプロローグ","下一篇序章","下一篇序章","Prologue suivant","Nächster Prolog","Prólogo siguiente","Prólogo siguiente","Próximo prólogo","Следующий пролог"
"prologue.openAria","View on Steam (opens in a new window)","Steam에서 보기 (새 창으로 열림)","Steamで見る（新しいウィンドウで開きます）","在Steam上查看（在新窗口中打开）","在Steam上查看（在新視窗中開啟）","Voir sur Steam (s'ouvre dans une nouvelle fenêtre)","Auf Steam ansehen (öffnet in einem neuen Fenster)","Ver en Steam (se abre en una ventana nueva)","Ver en Steam (se abre en una ventana nueva)","Ver na Steam (abre em uma nova janela)","Смотреть в Steam (откроется в новом окне)"
"prologue.item1.title","Rain, Neon, and the City of Beasts","비, 네온, 그리고 짐승들의 도시","雨とネオン、そして獣どもの都市","雨、霓虹与野兽之城","雨、霓虹與野獸之城","Pluie, néon et la cité des bêtes","Regen, Neon und die Stadt der Bestien","Lluvia, neón y la ciudad de las bestias","Lluvia, neón y la ciudad de las bestias","Chuva, neon e a cidade das bestas","Дождь, неон и город зверей"
"prologue.item2.title","An Arsenal Built with a Shattered Mind: 'Brandon' and the Memory Palace","부서진 정신으로 벼려낸 무기고: '브랜든'과 기억의 궁전","砕かれた心で鍛え上げた兵器庫——「ブランドン」と記憶の宮殿","以破碎心智锻造的军械库：“布兰登”与记忆宫殿","以破碎心智鍛造的軍械庫：「布蘭登」與記憶宮殿","Un arsenal forgé dans un esprit brisé : « Brandon » et le Palais des Mémoires","Ein Arsenal, geschmiedet aus einem zerbrochenen Geist: „Brandon“ und der Gedächtnispalast","Un arsenal forjado con una mente destrozada: “Brandon” y el Palacio de la Memoria","Un arsenal forjado con una mente destrozada: “Brandon” y el Palacio de la Memoria","Um arsenal forjado com uma mente destroçada: “Brandon” e o Palácio da Memória","Арсенал, выкованный сломленным разумом: «Брэндон» и Дворец памяти"
"footer.contactAria","Contact us","문의하기","お問い合わせ","联系我们","聯絡我們","Nous contacter","Kontakt","Contáctanos","Contáctanos","Fale conosco","Связаться с нами"
"footer.presskit","Press Kit","프레스킷","プレスキット","媒体资料包","媒體資料包","Dossier de presse","Pressemappe","Kit de prensa","Kit de prensa","Kit de imprensa","Пресс-кит"
"characters.heading","Characters","등장인물","登場人物","登场人物","登場人物","Personnages","Charaktere","Personajes","Personajes","Personagens","Персонажи"
"characters.comingSoon","Coming Soon","정보 공개 예정","情報公開予定","信息即将公开","資訊即將公開","Bientôt disponible","Demnächst verfügbar","Próximamente","Próximamente","Em breve","Скоро подробности"
"characters.prevAria","Previous character","이전 인물","前の人物","上一位角色","上一位角色","Personnage précédent","Vorheriger Charakter","Personaje anterior","Personaje anterior","Personagem anterior","Предыдущий персонаж"
"characters.nextAria","Next character","다음 인물","次の人物","下一位角色","下一位角色","Personnage suivant","Nächster Charakter","Personaje siguiente","Personaje siguiente","Próximo personagem","Следующий персонаж"
"characters.char1.name","Brandon","브랜든","ブランドン","布兰登","布蘭登","Brandon","Brandon","Brandon","Brandon","Brandon","Брэндон"
"characters.char2.name","Renfield","렌필드","Renfield","Renfield","Renfield","Renfield","Renfield","Renfield","Renfield","Renfield","Renfield"
"characters.char3.name","R","R","R","R","R","R","R","R","R","R","R"
"characters.char4.name","Madame Caren","마담 캐런","Madame Caren","Madame Caren","Madame Caren","Madame Caren","Madame Caren","Madame Caren","Madame Caren","Madame Caren","Madame Caren"
"characters.char5.name","Bruce","브루스","Bruce","Bruce","Bruce","Bruce","Bruce","Bruce","Bruce","Bruce","Bruce"
"characters.char6.name","Adrian","애드리언","Adrian","Adrian","Adrian","Adrian","Adrian","Adrian","Adrian","Adrian","Adrian"
"characters.char7.name","Ichi","이치","Ichi","Ichi","Ichi","Ichi","Ichi","Ichi","Ichi","Ichi","Ichi"
"characters.char8.name","Blacksmith","대장장이","鍛冶屋","铁匠","鐵匠","Forgeron","Schmied","Herrero","Herrero","Ferreiro","Кузнец"
"characters.char9.name","Unknown Swordsman","알려지지 않은 검객","正体不明の剣士","身份不明的剑客","身份不明的劍客","Épéiste inconnu","Unbekannter Schwertkämpfer","Espadachín desconocido","Espadachín desconocido","Espadachim desconhecido","Неизвестный мечник"
"characters.char10.name","Unknown Doctor","불명의 박사","正体不明の博士","身份不明的博士","身份不明的博士","Docteur inconnu","Unbekannter Doktor","Doctor desconocido","Doctor desconocido","Doutor desconhecido","Неизвестный доктор"
"characters.char11.name","Enes","에네스","Enes","Enes","Enes","Enes","Enes","Enes","Enes","Enes","Enes"
"characters.char12.name","Mysterious Being","의문의 존재","謎の存在","神秘的存在","神秘的存在","Être mystérieux","Mysteriöses Wesen","Ser misterioso","Ser misterioso","Ser misterioso","Загадочное существо"
"press.heading","In the Press","언론 보도","メディア掲載","媒体报道","媒體報導","Dans la presse","In der Presse","En la prensa","En la prensa","Na imprensa","В прессе"
"press.loadMore","Load More","더 보기","もっと見る","加载更多","載入更多","Voir plus","Mehr laden","Cargar más","Cargar más","Carregar mais","Показать ещё"
